{
  "version": 1,
  "author": "Joaquin Gustavo Zalazar",
  "editor": "wokwi",
  "parts": [
    { "type": "wokwi-breadboard", "id": "bb1", "top": -233.4, "left": 127.6, "attrs": {} },
    { "type": "board-esp32-devkit-c-v4", "id": "esp", "top": -9.6, "left": 436.84, "attrs": {} },
    { "type": "wokwi-led", "id": "led1", "top": -214.8, "left": 647, "attrs": { "color": "red" } },
    { "type": "wokwi-led", "id": "led4", "top": -214.8, "left": 503, "attrs": { "color": "red" } },
    {
      "type": "wokwi-led",
      "id": "led5",
      "top": -214.8,
      "left": 531.8,
      "attrs": { "color": "red" }
    },
    {
      "type": "wokwi-led",
      "id": "led6",
      "top": -214.8,
      "left": 560.6,
      "attrs": { "color": "red" }
    },
    {
      "type": "wokwi-led",
      "id": "led7",
      "top": -214.8,
      "left": 589.4,
      "attrs": { "color": "red" }
    },
    {
      "type": "wokwi-led",
      "id": "led8",
      "top": -214.8,
      "left": 618.2,
      "attrs": { "color": "red" }
    },
    {
      "type": "wokwi-led",
      "id": "led9",
      "top": -214.8,
      "left": 675.8,
      "attrs": { "color": "red" }
    },
    {
      "type": "wokwi-led",
      "id": "led10",
      "top": -214.8,
      "left": 704.6,
      "attrs": { "color": "red" }
    },
    {
      "type": "wokwi-resistor",
      "id": "r1",
      "top": -129.6,
      "left": 613.85,
      "rotate": 90,
      "attrs": { "value": "1000" }
    },
    {
      "type": "wokwi-resistor",
      "id": "r2",
      "top": -129.6,
      "left": 642.65,
      "rotate": 90,
      "attrs": { "value": "1000" }
    },
    {
      "type": "wokwi-resistor",
      "id": "r3",
      "top": -129.6,
      "left": 527.45,
      "rotate": 90,
      "attrs": { "value": "1000" }
    },
    {
      "type": "wokwi-resistor",
      "id": "r4",
      "top": -129.6,
      "left": 585.05,
      "rotate": 90,
      "attrs": { "value": "1000" }
    },
    {
      "type": "wokwi-resistor",
      "id": "r5",
      "top": -129.6,
      "left": 700.25,
      "rotate": 90,
      "attrs": { "value": "1000" }
    },
    {
      "type": "wokwi-resistor",
      "id": "r6",
      "top": -129.6,
      "left": 498.65,
      "rotate": 90,
      "attrs": { "value": "1000" }
    },
    {
      "type": "wokwi-resistor",
      "id": "r7",
      "top": -129.6,
      "left": 556.25,
      "rotate": 90,
      "attrs": { "value": "1000" }
    },
    {
      "type": "wokwi-resistor",
      "id": "r8",
      "top": -129.6,
      "left": 671.45,
      "rotate": 90,
      "attrs": { "value": "1000" }
    },
    {
      "type": "wokwi-pushbutton",
      "id": "btn1",
      "top": -144.1,
      "left": 253.1,
      "rotate": 90,
      "attrs": { "color": "green", "bounce": "0" }
    },
    {
      "type": "wokwi-pushbutton",
      "id": "btn2",
      "top": -144.1,
      "left": 157.1,
      "rotate": 90,
      "attrs": { "color": "green", "bounce": "0" }
    },
    {
      "type": "wokwi-pushbutton",
      "id": "btn3",
      "top": -144.1,
      "left": 205.1,
      "rotate": 90,
      "attrs": { "color": "green", "bounce": "0" }
    },
    { "type": "wokwi-dip-switch-8", "id": "sw1", "top": -147.3, "left": 347.1, "attrs": {} },
    {
      "type": "wokwi-resistor",
      "id": "r9",
      "top": -196.8,
      "left": 220.25,
      "rotate": 90,
      "attrs": { "value": "1000" }
    },
    {
      "type": "wokwi-resistor",
      "id": "r10",
      "top": -196.8,
      "left": 172.25,
      "rotate": 90,
      "attrs": { "value": "1000" }
    },
    {
      "type": "wokwi-resistor",
      "id": "r11",
      "top": -196.8,
      "left": 268.25,
      "rotate": 90,
      "attrs": { "value": "1000" }
    }
  ],
  "connections": [
    [ "esp:TX", "$serialMonitor:RX", "", [] ],
    [ "esp:RX", "$serialMonitor:TX", "", [] ],
    [ "sw1:8a", "esp:32", "green", [ "v0" ] ],
    [ "sw1:7a", "esp:33", "green", [ "v0" ] ],
    [ "sw1:6a", "esp:25", "green", [ "v0" ] ],
    [ "sw1:5a", "esp:26", "green", [ "v0" ] ],
    [ "sw1:4a", "esp:27", "green", [ "v0" ] ],
    [ "sw1:3a", "esp:14", "green", [ "v0" ] ],
    [ "sw1:2a", "esp:12", "green", [ "v0" ] ],
    [ "sw1:1a", "esp:13", "green", [ "v0" ] ],
    [ "bb1:40b.j", "esp:18", "green", [ "v0" ] ],
    [ "bb1:43b.j", "esp:5", "green", [ "v0" ] ],
    [ "bb1:46b.j", "esp:17", "green", [ "v0" ] ],
    [ "bb1:49b.j", "esp:16", "green", [ "v0" ] ],
    [ "bb1:52b.j", "esp:4", "green", [ "v0" ] ],
    [ "bb1:55b.j", "esp:0", "green", [ "v0" ] ],
    [ "bb1:58b.j", "esp:2", "green", [ "v0" ] ],
    [ "bb1:61b.j", "esp:15", "green", [ "v0" ] ],
    [ "esp:GND.2", "bb1:tn.50", "black", [ "v-48", "h240", "v-182.4" ] ],
    [ "esp:3V3", "bb1:tp.1", "green", [ "h0.15", "v-48", "h-297.6", "v-192" ] ],
    [ "bb1:tn.46", "bb1:tn.45", "black", [ "v0" ] ],
    [ "bb1:tn.41", "bb1:tn.40", "black", [ "v0" ] ],
    [ "bb1:tn.36", "bb1:tn.35", "black", [ "v0" ] ],
    [ "bb1:tn.31", "bb1:tn.30", "black", [ "v0" ] ],
    [ "bb1:tn.26", "bb1:tn.25", "black", [ "v0" ] ],
    [ "bb1:tn.21", "bb1:tn.20", "black", [ "v0" ] ],
    [ "bb1:tn.16", "bb1:tn.15", "black", [ "v0" ] ],
    [ "bb1:tn.11", "bb1:tn.10", "black", [ "v0" ] ],
    [ "bb1:tn.6", "bb1:tn.5", "black", [ "v0" ] ],
    [ "bb1:tn.1", "bb1:bn.1", "black", [ "v-0.1", "h-39.2", "v172.8" ] ],
    [ "bb1:bn.5", "bb1:bn.6", "black", [ "v0" ] ],
    [ "bb1:bn.10", "bb1:bn.11", "black", [ "v0" ] ],
    [ "btn2:2.r", "bb1:bn.2", "black", [ "v0" ] ],
    [ "btn3:2.r", "bb1:bn.6", "black", [ "v0" ] ],
    [ "btn1:2.r", "bb1:bn.10", "black", [ "v0" ] ],
    [ "led4:C", "bb1:tn.31", "black", [ "v0" ] ],
    [ "led5:C", "bb1:tn.34", "black", [ "v0" ] ],
    [ "led6:C", "bb1:tn.36", "black", [ "v0" ] ],
    [ "led7:C", "bb1:tn.39", "black", [ "v0" ] ],
    [ "led8:C", "bb1:tn.41", "black", [ "v0" ] ],
    [ "led1:C", "bb1:tn.44", "black", [ "v0" ] ],
    [ "led9:C", "bb1:tn.46", "black", [ "v0" ] ],
    [ "led10:C", "bb1:tn.49", "black", [ "v0" ] ],
    [ "bb1:29t.b", "bb1:tn.23", "black", [ "v0" ] ],
    [ "bb1:28t.b", "bb1:tn.22", "black", [ "v0" ] ],
    [ "bb1:27t.b", "bb1:tn.21", "black", [ "v0" ] ],
    [ "bb1:26t.b", "bb1:tn.20", "black", [ "v-38.4" ] ],
    [ "bb1:25t.b", "bb1:tn.20", "black", [ "v0" ] ],
    [ "bb1:24t.b", "bb1:tn.19", "black", [ "v0" ] ],
    [ "bb1:23t.b", "bb1:tn.18", "black", [ "v0" ] ],
    [ "bb1:22t.b", "bb1:tn.17", "black", [ "v0" ] ],
    [ "bb1:tn.22", "bb1:tn.23", "black", [ "v0" ] ],
    [ "sw1:1a", "bb1:22b.h", "", [ "$bb" ] ],
    [ "sw1:2a", "bb1:23b.h", "", [ "$bb" ] ],
    [ "sw1:3a", "bb1:24b.h", "", [ "$bb" ] ],
    [ "sw1:4a", "bb1:25b.h", "", [ "$bb" ] ],
    [ "sw1:5a", "bb1:26b.h", "", [ "$bb" ] ],
    [ "sw1:6a", "bb1:27b.h", "", [ "$bb" ] ],
    [ "sw1:7a", "bb1:28b.h", "", [ "$bb" ] ],
    [ "sw1:8a", "bb1:29b.h", "", [ "$bb" ] ],
    [ "sw1:8b", "bb1:29t.e", "", [ "$bb" ] ],
    [ "sw1:7b", "bb1:28t.e", "", [ "$bb" ] ],
    [ "sw1:6b", "bb1:27t.e", "", [ "$bb" ] ],
    [ "sw1:5b", "bb1:26t.e", "", [ "$bb" ] ],
    [ "sw1:4b", "bb1:25t.e", "", [ "$bb" ] ],
    [ "sw1:3b", "bb1:24t.e", "", [ "$bb" ] ],
    [ "sw1:2b", "bb1:23t.e", "", [ "$bb" ] ],
    [ "sw1:1b", "bb1:22t.e", "", [ "$bb" ] ],
    [ "r11:1", "bb1:tp.12", "", [ "$bb" ] ],
    [ "r11:2", "bb1:16t.c", "", [ "$bb" ] ],
    [ "r9:1", "bb1:tp.8", "", [ "$bb" ] ],
    [ "r9:2", "bb1:11t.c", "", [ "$bb" ] ],
    [ "r10:1", "bb1:tp.4", "", [ "$bb" ] ],
    [ "r10:2", "bb1:6t.c", "", [ "$bb" ] ],
    [ "r5:1", "bb1:61t.d", "", [ "$bb" ] ],
    [ "r5:2", "bb1:61b.h", "", [ "$bb" ] ],
    [ "r8:1", "bb1:58t.d", "", [ "$bb" ] ],
    [ "r8:2", "bb1:58b.h", "", [ "$bb" ] ],
    [ "led1:A", "bb1:55t.b", "", [ "$bb" ] ],
    [ "led1:C", "bb1:54t.b", "", [ "$bb" ] ],
    [ "r2:1", "bb1:55t.d", "", [ "$bb" ] ],
    [ "r2:2", "bb1:55b.h", "", [ "$bb" ] ],
    [ "led8:A", "bb1:52t.b", "", [ "$bb" ] ],
    [ "led8:C", "bb1:51t.b", "", [ "$bb" ] ],
    [ "r1:1", "bb1:52t.d", "", [ "$bb" ] ],
    [ "r1:2", "bb1:52b.h", "", [ "$bb" ] ],
    [ "led7:A", "bb1:49t.b", "", [ "$bb" ] ],
    [ "led7:C", "bb1:48t.b", "", [ "$bb" ] ],
    [ "r4:1", "bb1:49t.d", "", [ "$bb" ] ],
    [ "r4:2", "bb1:49b.h", "", [ "$bb" ] ],
    [ "led6:A", "bb1:46t.b", "", [ "$bb" ] ],
    [ "led6:C", "bb1:45t.b", "", [ "$bb" ] ],
    [ "r7:1", "bb1:46t.d", "", [ "$bb" ] ],
    [ "r7:2", "bb1:46b.h", "", [ "$bb" ] ],
    [ "led5:A", "bb1:43t.b", "", [ "$bb" ] ],
    [ "led5:C", "bb1:42t.b", "", [ "$bb" ] ],
    [ "r3:1", "bb1:43t.d", "", [ "$bb" ] ],
    [ "r3:2", "bb1:43b.h", "", [ "$bb" ] ],
    [ "r6:1", "bb1:40t.d", "", [ "$bb" ] ],
    [ "r6:2", "bb1:40b.h", "", [ "$bb" ] ],
    [ "led10:A", "bb1:61t.b", "", [ "$bb" ] ],
    [ "led10:C", "bb1:60t.b", "", [ "$bb" ] ],
    [ "led9:A", "bb1:58t.b", "", [ "$bb" ] ],
    [ "led9:C", "bb1:57t.b", "", [ "$bb" ] ],
    [ "led4:A", "bb1:40t.b", "", [ "$bb" ] ],
    [ "led4:C", "bb1:39t.b", "", [ "$bb" ] ],
    [ "btn1:1.r", "esp:VN", "green", [ "v0" ] ],
    [ "btn3:1.r", "esp:34", "green", [ "v0" ] ],
    [ "btn2:1.r", "esp:35", "green", [ "v0" ] ],
    [ "btn3:1.l", "bb1:11t.d", "", [ "$bb" ] ],
    [ "btn3:2.l", "bb1:9t.d", "", [ "$bb" ] ],
    [ "btn3:1.r", "bb1:11b.i", "", [ "$bb" ] ],
    [ "btn3:2.r", "bb1:9b.i", "", [ "$bb" ] ],
    [ "btn1:1.l", "bb1:16t.d", "", [ "$bb" ] ],
    [ "btn1:2.l", "bb1:14t.d", "", [ "$bb" ] ],
    [ "btn1:1.r", "bb1:16b.i", "", [ "$bb" ] ],
    [ "btn1:2.r", "bb1:14b.i", "", [ "$bb" ] ],
    [ "btn2:1.l", "bb1:6t.d", "", [ "$bb" ] ],
    [ "btn2:2.l", "bb1:4t.d", "", [ "$bb" ] ],
    [ "btn2:1.r", "bb1:6b.i", "", [ "$bb" ] ],
    [ "btn2:2.r", "bb1:4b.i", "", [ "$bb" ] ]
  ],
  "dependencies": {}
}